"","V1"
"check/aethisms/49960.txt",2
"check/aethisms/51060.txt",6
"check/aethisms/51211.txt",6
"check/aethisms/51238.txt",6
"check/aethisms/51304.txt",6
"check/aethisms/51319.txt",6
"check/aethisms/52499.txt",6
"check/aethisms/52909.txt",6
"check/aethisms/53066.txt",6
"check/aethisms/53292.txt",6
"check/aethisms/53323.txt",6
"check/aethisms/53497.txt",6
"check/aethisms/53499.txt",6
"check/aethisms/53519.txt",7
"check/aethisms/53564.txt",6
"check/aethisms/53622.txt",6
"check/aethisms/53795.txt",6
"check/aethisms/54163.txt",2
"check/aethisms/54249.txt",8
"check/aethisms/54258.txt",7
"check/christian/20488.txt",7
"check/christian/20548.txt",7
"check/christian/20660.txt",7
"check/christian/20758.txt",7
"check/christian/20839.txt",7
"check/christian/20928.txt",7
"check/christian/21396.txt",7
"check/christian/21496.txt",6
"check/christian/21565.txt",7
"check/christian/21567.txt",7
"check/christian/21597.txt",7
"check/christian/21614.txt",7
"check/christian/21659.txt",7
"check/christian/21662.txt",7
"check/christian/21736.txt",6
"check/christian/21744.txt",7
"check/christian/21748.txt",7
"check/christian/21754.txt",7
"check/christian/21760.txt",7
"check/christian/21786.txt",7
"check/crypt/14147.txt",3
"check/crypt/14831.txt",3
"check/crypt/14991.txt",8
"check/crypt/15176.txt",3
"check/crypt/15177.txt",3
"check/crypt/15178.txt",3
"check/crypt/15183.txt",3
"check/crypt/15188.txt",3
"check/crypt/15193.txt",3
"check/crypt/15219.txt",3
"check/crypt/15245.txt",3
"check/crypt/15246.txt",3
"check/crypt/15252.txt",3
"check/crypt/15290.txt",3
"check/crypt/15329.txt",6
"check/crypt/15429.txt",3
"check/crypt/15553.txt",4
"check/crypt/15588.txt",3
"check/crypt/15590.txt",3
"check/crypt/16123.txt",6
"check/electronics/52446.txt",4
"check/electronics/52739.txt",6
"check/electronics/53569.txt",8
"check/electronics/53625.txt",8
"check/electronics/53663.txt",8
"check/electronics/53686.txt",6
"check/electronics/53699.txt",8
"check/electronics/53722.txt",8
"check/electronics/53822.txt",8
"check/electronics/53834.txt",6
"check/electronics/53846.txt",8
"check/electronics/53992.txt",6
"check/electronics/54006.txt",6
"check/electronics/54010.txt",6
"check/electronics/54035.txt",6
"check/electronics/54114.txt",6
"check/electronics/54148.txt",8
"check/electronics/54223.txt",8
"check/electronics/54244.txt",8
"check/electronics/54279.txt",8
"check/guns/53294.txt",4
"check/guns/53296.txt",4
"check/guns/53305.txt",3
"check/guns/53306.txt",3
"check/guns/53307.txt",3
"check/guns/53354.txt",4
"check/guns/54215.txt",4
"check/guns/54231.txt",4
"check/guns/54274.txt",4
"check/guns/54290.txt",4
"check/guns/54291.txt",4
"check/guns/54314.txt",4
"check/guns/54380.txt",2
"check/guns/54487.txt",4
"check/guns/54508.txt",6
"check/guns/54566.txt",4
"check/guns/54632.txt",4
"check/guns/54684.txt",4
"check/guns/54687.txt",4
"check/guns/55067.txt",4
"check/meds/58044.txt",3
"check/meds/58568.txt",3
"check/meds/58569.txt",3
"check/meds/58578.txt",3
"check/meds/59021.txt",4
"check/meds/59122.txt",1
"check/meds/59123.txt",1
"check/meds/59125.txt",1
"check/meds/59126.txt",1
"check/meds/59154.txt",1
"check/meds/59165.txt",1
"check/meds/59183.txt",1
"check/meds/59283.txt",1
"check/meds/59284.txt",1
"check/meds/59285.txt",1
"check/meds/59286.txt",1
"check/meds/59323.txt",1
"check/meds/59347.txt",1
"check/meds/59554.txt",1
"check/meds/59574.txt",4
"check/mideast/75370.txt",2
"check/mideast/75376.txt",3
"check/mideast/75881.txt",5
"check/mideast/75929.txt",2
"check/mideast/75984.txt",2
"check/mideast/76013.txt",2
"check/mideast/76071.txt",2
"check/mideast/76103.txt",5
"check/mideast/76266.txt",5
"check/mideast/76276.txt",2
"check/mideast/76391.txt",5
"check/mideast/76392.txt",5
"check/mideast/76467.txt",2
"check/mideast/76479.txt",5
"check/mideast/76497.txt",5
"check/mideast/77207.txt",5
"check/mideast/77257.txt",4
"check/mideast/77364.txt",2
"check/mideast/77401.txt",2
"check/mideast/77811.txt",2
"check/space/59848.txt",8
"check/space/59849.txt",8
"check/space/59850.txt",8
"check/space/59870.txt",8
"check/space/59871.txt",8
"check/space/59872.txt",8
"check/space/59873.txt",8
"check/space/59874.txt",8
"check/space/59905.txt",8
"check/space/59909.txt",8
"check/space/59913.txt",8
"check/space/60103.txt",8
"check/space/60152.txt",3
"check/space/60252.txt",6
"check/space/61049.txt",6
"check/space/61207.txt",8
"check/space/61244.txt",8
"check/space/61253.txt",8
"check/space/61361.txt",8
"check/space/61435.txt",8
